class,iou,dice,sensitivity,specificity,gt_pixels,pred_pixels,loss
body,0.9008792489803197,0.9442007557564001,0.9741280201386463,0.9818644276099192,12974.416666666666,13897.0,1.280281886458397
cold,0.29694828594572514,0.414118388672767,0.7839085617091689,0.9590119610625286,1986.1666666666667,4919.166666666667,1.280281886458397
