class,iou,dice,sensitivity,specificity,gt_pixels,pred_pixels,loss
body,0.9746403918760405,0.9871541164988663,0.995127210917918,0.9944254851971259,17243.272727272728,17518.272727272728,0.9741731231862848
cold,0.2284442382587767,0.32728514446928114,0.6698786847769472,0.984292305207289,437.54545454545456,1593.0,0.9741731231862848
