metric,mean,std,median,min,max,n_folds
test_body_iou,0.8989478017920273,0.09944535748495133,0.9583404736175402,0.7222933519513804,0.9733131220510652,7
test_cold_iou,0.09979409517495709,0.09260585644736546,0.0651263949319873,0.0,0.2211095295699434,7
test_cold_sensitivity,0.4000281894004446,0.3208357370816124,0.4251401891943981,0.0,0.8912756769001906,7
test_cold_specificity,0.9684651008130359,0.05580705920314202,0.9895437623588378,0.8437423726105749,0.9997672312968032,7
