class,iou,dice,sensitivity,specificity
abdomen,0.4853396911205441,0.6525388155008597,0.5616822345233171,0.9799619793102284
background,0.9763252628502513,0.987976684603019,0.978642312154315,0.9806252454704621
cold,0.05297859411900983,0.0981759825840146,0.9049200805787178,0.9527189097177775
