class,iou,dice,sensitivity,specificity,gt_pixels,pred_pixels,loss
body,0.870424838192254,0.9288456287539124,0.9545241414470679,0.9876765913003483,9148.583333333334,9640.25,1.7724707225958507
cold,0.057753009712162885,0.09762877776620256,0.2561768290581791,0.9955297527897596,258.8333333333333,417.1666666666667,1.7724707225958507
