class,iou,dice,sensitivity,specificity,gt_pixels,pred_pixels,loss
body,0.8671677340140381,0.9237960898447136,0.8967217381946712,0.9937020549266404,12974.416666666666,12096.583333333334,1.8170992533365886
cold,0.22610888756741473,0.3325934713834488,0.5032784840702669,0.966393336779611,1986.1666666666667,3746.1666666666665,1.8170992533365886
