class,iou,dice,sensitivity,specificity,gt_pixels,pred_pixels,loss
body,0.9423857335588086,0.9701640388353386,0.9886972307128489,0.9900114564624864,12929.916666666666,13484.583333333334,1.3349112470944722
cold,0.04607974718736282,0.08199142375027889,0.21753218873130756,0.9923203762454548,328.5,668.75,1.3349112470944722
