method,dice,iou,gt_pixels,pred_pixels
stage1_full_pred,0.23237924829699233,0.1494884284224002,1986.1666666666667,1452.0833333333333
stage2_gt_crop_oracle,0.27486269855501005,0.175864934653682,1986.1666666666667,2893.8333333333335
stage2_predicted_crop,0.2703537302230243,0.1725198778617575,1986.1666666666667,2358.75
