{
  "threshold": 0.6500000000000001,
  "dice": 0.20896099507808685,
  "iou": 0.12920759618282318
}