test_subject,iou_cold,sens_cold,spec_cold,iou_abdomen
S05,0.10739515233395541,0.8859922546519317,0.880959655568704,0.652019320783907
S06,0.1678944866920152,0.3663943990665111,0.9794082380596458,0.796671826625387
S07,0.1737307871448533,0.380939582885401,0.9769927709044457,0.8187877696916708
S08,0.12393464903587507,0.9094120091419073,0.9688170537104374,0.7754438831280097
S09,0.04005765620809869,0.30314561136478946,0.9735572945711257,0.8435713710651316
S10,0.046943193324255436,0.8657437218287186,0.9447146440474563,0.5221406641785487
S11,0.33809325404340745,0.7490140135940253,0.9698000221016132,0.7117275651629161
