test_subject,iou_background,iou_abdomen,iou_cold,sens_cold,spec_cold
S05,0.9630057004664018,0.797469347206609,0.184720609110853,0.6760177576272788,0.9563288164982094
S06,0.9902635115905064,0.868974034791974,0.1662849040139616,0.19765331258913524,0.9967144408791299
S07,0.9903374724855569,0.8520797227036395,0.20016449828024524,0.2877875725650398,0.9915556864322775
S08,0.9716903440928998,0.8337504434325812,0.18652930213294677,0.7485975483066695,0.985174197808893
S09,0.989217899541616,0.8974780195778036,0.07913240376593969,0.16844241501775747,0.9954560217669732
S10,0.9812665106973294,0.6730825148617213,0.06244536505644027,0.5289761751448808,0.9763198337847243
S11,0.9911010815979038,0.8011336252248583,0.3664488521367027,0.5317613493328858,0.9887907289987761
