test_subject,iou_cold,sens_cold,spec_cold,iou_abdomen
S05,0.11238267526611084,0.8097666950033059,0.8981083264963018,0.749486944512565
S06,0.15164897784742504,0.2760274860624919,0.9857151567019761,0.8211843359738227
S07,0.16492903309623566,0.2729520533218663,0.9873656727869967,0.815150617085508
S08,0.1959075907590759,0.6166632038229795,0.9894329230332018,0.8396763259655321
S09,0.05424417695794904,0.2640791476407915,0.9844254609855193,0.8291485724157239
S10,0.06545869345851797,0.9607211848036059,0.9566501417442399,0.6241709321606229
S11,0.32951289398280803,0.6899806998405639,0.972818143339387,0.6489616363157829
