test_subject,iou_cold,sens_cold,spec_cold,iou_abdomen
S05,0.19740843123704216,0.5396240672522905,0.9715357187723431,0.8193218142548596
S06,0.22007722007722008,0.23648385842084793,0.9987015831652919,0.8815431323283082
S07,0.19251834616073027,0.2890776177166201,0.9903249152872767,0.8376613523246874
S08,0.2005045810649316,0.6274672761271556,0.9895228817033265,0.8410462680428149
S09,0.0688094685541889,0.1504312531709792,0.9952241757209186,0.881219515147114
S10,0.04690905488408956,0.3048937540244688,0.9825682137776626,0.7079997778500646
S11,0.3357610241820768,0.49517496014097506,0.9882027426850958,0.7856303361072084
