iou_cold,dice_cold,sens_cold,spec_cold,n_no_box,fold,test_subject
0.16393633089344928,0.28169295268515265,0.26655332010954313,0.9897219641641306,0,1,S05
0.11639752899100045,0.20852344432578687,0.20886814469076825,0.9861633927744785,0,2,S06
0.13569496864690972,0.23896375768676598,0.24543109008813987,0.9844002090340872,0,3,S07
0.03980167085512193,0.07655627408713328,0.12175358404319098,0.9898694270348283,0,4,S08
0.07135705030038664,0.1332087193160853,0.6146626078131369,0.969345254509762,0,5,S09
0.01977598028885867,0.038784950167696605,0.3927881519638143,0.9402153614427085,0,6,S10
0.17890004182350108,0.30350332594234497,0.3589410086430998,0.9749939012057879,0,7,S11
