iou_cold,dice_cold,sens_cold,spec_cold,n_no_box,fold,test_subject
0.2224246587616791,0.3639073494917816,0.7034098422593082,0.9644929300699611,0,1,S05
0.13231756214915238,0.2337110481586315,0.203228315830403,0.9906660765456229,0,2,S06
0.1744255681280873,0.2970398003274121,0.29746291120187607,0.9863930836260768,0,3,S07
0.12944806505565115,0.2292235810758999,0.9326823187199391,0.9694702763264549,0,4,S08
0.05036404445174082,0.09589826444988295,0.23338406900044814,0.9853691867412648,0,5,S09
0.06039312505934668,0.11390704755081599,0.6142949130712768,0.9709296748556525,0,6,S10
0.20459944503223595,0.3396970600908101,0.4300159436099509,0.9726242329593424,0,7,S11
