test_subject,val_subject,n_real,n_syn,iou_background,dice_background,sens_background,spec_background,iou_abdomen,dice_abdomen,sens_abdomen,spec_abdomen,iou_cold,dice_cold,sens_cold,spec_cold,mIoU_real,mDice_real
S05,S06,60,60,0.9764077050103275,0.988063042392587,0.9876992732038581,0.9794111408086167,0.8810507450630596,0.9367644624956926,0.9302647885822376,0.9707719233817618,0.148089394858389,0.2579753728613704,0.2998016435250496,0.9831785760259797,0.5145700699607243,0.5973699176785314
S06,S07,56,56,0.985484386772253,0.9926891325238048,0.9945380897810026,0.9604530416661705,0.7853640023956453,0.8797802591984879,0.8575248627369675,0.9809943321833402,0.1696443099352348,0.2900784597406853,0.33793595228832246,0.9827220236334433,0.47750415616544006,0.5849293594695866
S07,S08,55,55,0.9908060164515899,0.9953817782986224,0.9934952799799724,0.9891060982389163,0.8540778601587868,0.921296649414326,0.9528650074097395,0.9745186954346655,0.12869971409011682,0.228049520139847,0.17179101268543476,0.9935413028961994,0.49138878712445183,0.5746730847770865
S08,S09,55,55,0.9698367158195004,0.9846874190442984,0.9701826652078982,0.9985079820325135,0.8262905590493421,0.904884006496162,0.9268106651953019,0.971824545182333,0.190983403517454,0.32071547420963725,0.8009557448575106,0.9842858559414113,0.5086369812833981,0.6127997403528996
S09,S10,55,55,0.9868884079450206,0.9934009418935912,0.992539990650829,0.9694442475138345,0.8183002868188003,0.9000716688555928,0.8678852245448537,0.9889844353907009,0.04690099833610405,0.08959968212972635,0.2288178589547872,0.9843835857084776,0.4326006425774522,0.49483567549265955
S10,S11,55,55,0.9941303803417472,0.9970565517099004,0.9955488475901126,0.9886503374839366,0.6323625741347204,0.7747820051190796,0.6696663760698119,0.9928191856570838,0.018868433111404112,0.03703801687875243,0.2253702511267787,0.9653109291033876,0.32561550362306224,0.405910010998916
S11,S05,59,59,0.9884644811249019,0.9941987805240694,0.9900307851481893,0.9915795828971053,0.8025259170899025,0.8904459120183356,0.9898300457306595,0.9638443527287369,0.05476868923901882,0.10384966826903565,0.05483762691952442,0.9999687241322499,0.42864730316446065,0.4971477901436856
