test_subject,iou_cold,sens_cold,spec_cold,iou_abdomen
S05,0.14443952148870182,0.36950977614054975,0.974414251217095,0.736484087711532
S06,0.1314708299096138,0.15558148580318942,0.996805894586618,0.867594131886721
S07,0.18957823520944292,0.283164910771877,0.9904773359766744,0.8459730892224072
S08,0.18607219670987618,0.6650737585705381,0.987334228149499,0.8429502263321575
S09,0.06547619047619048,0.17300862506341957,0.9933877916204507,0.8903741823480175
S10,0.0662748938948743,0.5228589826142949,0.9781638355236169,0.7220842199859266
S11,0.3768751304762757,0.5302089452043299,0.9898905970146141,0.8082653423199716
