method,iou_cold,dice_cold,sens_cold,spec_cold
two_stage_gt_crop,0.1138089125252113,0.2043598524762841,0.13019216245698875,0.9964230832584439
two_stage_pred_crop,0.06615768433075638,0.12410487736114678,0.0923470672148992,0.9901637395929539
