method,iou_cold,dice_cold,sens_cold,spec_cold
two_stage_gt_crop,0.1623279429460229,0.27931522068477227,0.23206343878491936,0.9893255463372821
two_stage_pred_crop,0.14641064185835023,0.25542442910511753,0.2165813543677009,0.9880911920901234
