class,iou,dice,sensitivity,specificity,gt_pixels,pred_pixels,loss
body,0.9575283084849361,0.9782781936277377,0.9756638379318856,0.9975879311046154,9148.583333333334,9104.25,1.2851141939560573
cold,0.05360863057651081,0.09251126617980944,0.43266250014559565,0.9869745595848783,258.8333333333333,1113.0833333333333,1.2851141939560573
