class,iou,dice,sensitivity,specificity,gt_pixels,pred_pixels,loss
body,0.9640263895109592,0.9816692724544676,0.9747062968120833,0.9974298369618694,15443.09090909091,15223.818181818182,1.1931105960499158
cold,0.23846052616916683,0.3599404509903294,0.4781090109738381,0.992441760827835,1402.3636363636363,1036.2727272727273,1.1931105960499158
