class,iou,dice,sensitivity,specificity,gt_pixels,pred_pixels,loss
body,0.9381476381361824,0.9679187999744137,0.9572926499074745,0.9883450652807344,29463.75,28825.125,1.0529674738645554
cold,0.2685100928089222,0.38217152261166265,0.7756365280239927,0.976138921475792,1323.375,2844.25,1.0529674738645554
