class,iou,dice,sensitivity,specificity,gt_pixels,pred_pixels,loss
body,0.9628148349581681,0.9810270705184269,0.9794817713745552,0.9956126620692339,16339.416666666666,16288.166666666666,1.165403073032697
cold,0.1833761652519391,0.2728509393426879,0.4708222586912087,0.9704171966177597,1550.3333333333333,3249.8333333333335,1.165403073032697
